{"version":2,"hash":{"type":"Buffer","data":"BxsNyWoAIVJZ5tg4DmOdlWa1nKVF0nSA3MjhaglSGNMLaSVJQ98+3ENndVkHmnJYZBPcEZ4r9mLv+xY6ET/pculvaj2/yzKav62lDvmIDXaGji3XKKbUmRD1kqwp5aC/e7jVSzgnYhWggtOOr8gdnODQXawq67YOMSeFlAHpFyU="},"indexValueMap":{"2qzNPWXOhP4Xzu/f7u2Wb31ReQvlVpumsju9NB4BfZU=":{"valueMac":{"type":"Buffer","data":"d/froI8h6wV2ktvc9ypzOzLjP49sURAvSG5j2NfOvAg="}},"dw+1wZWzAgTOSP4TFMZfq0YGFA0xcymp3xjTrK9tm4M=":{"valueMac":{"type":"Buffer","data":"FUsaA8PDft/yLKR/BVLxMWkQeFfauHmEZYFS41CNFyA="}},"R4Pt9DjP2y7PZeZlLWnpjKczZWZqAwn+VnPymAIU4ZE=":{"valueMac":{"type":"Buffer","data":"LxE4Mc8Xxj/th0StBkBMMI2I4XnhEV238jndpsCazsk="}},"KiCajwPuMU9Yz+O4b+OzjwAaU03zA9w5yxqi2C0NB7o=":{"valueMac":{"type":"Buffer","data":"mdWuDFyjw3YhLkU9E5Cb9PiBR9Eda6A0BELoee4ETow="}},"iEaVyssTjIODf7Ub/uUl3voa/aKcbn9ah9mXNbLVBpY=":{"valueMac":{"type":"Buffer","data":"Ln9b/DsMwkTuSbLphQbimiaFhdxbWlTrepPAxVzSYvQ="}},"eCUzCjfmSrLxidknXpwb05fO6e1+y/J6Apjp3hXZn6M=":{"valueMac":{"type":"Buffer","data":"snw62awaDAJhSG/hxBSYzNHZmK07u3LX4dPRAFLMZu4="}},"l47zOQZGie/j0nPcTb2xBKKeUMSX573doFGf3CAyljk=":{"valueMac":{"type":"Buffer","data":"f5vu1WRJ600T5UQYqcG9k+GRtEHPcf7KUv9jvPK/rDg="}},"UC3Khb/Jk2elsrRtO0da8ZRJirgzscVutzNzNhFbOiY=":{"valueMac":{"type":"Buffer","data":"fstVDudP1yvYNERRlhz1juW2SebPQdSTcm2UFdcA+58="}},"p+28aW+N/6rfvEJBoHwhjCjBevBo1sUCizKw/aiErMg=":{"valueMac":{"type":"Buffer","data":"1Yyz9ztXOVPkpv0Bm3n2UUxkkEsmnnDBr8atRmnPKis="}}}}