{"noiseKey":{"private":{"type":"Buffer","data":"GKSAgPCnL9JBrt55Y6Y0DaUCln0FmYZKgQDSe5vw2V0="},"public":{"type":"Buffer","data":"l7dGaZFSxC4FrXdD9q8T0fp0DRz44dJDBjEfTca8AHI="}},"pairingEphemeralKeyPair":{"private":{"type":"Buffer","data":"EDc4Cc+7uqamp6xu8pyvm0jMRz7O2uFHS+ml/YqKj1o="},"public":{"type":"Buffer","data":"xR2IQXKcxWMDPjrKQsx5vqIQZOVCD8jwEYNDRw10IB0="}},"signedIdentityKey":{"private":{"type":"Buffer","data":"KLBF12Mmd7BoEhs9PgXFwzsr2SjQTKv7Sm17tWtJe2M="},"public":{"type":"Buffer","data":"lWh8fm6cRVMT9Usorjr5oCpWT1M7MdiEvEI7NzF8Wkk="}},"signedPreKey":{"keyPair":{"private":{"type":"Buffer","data":"mI1/5STT9ZwZ4EQ0qbZ2/JQR76BsE0gNKfwmXYhnAmc="},"public":{"type":"Buffer","data":"fGxZLYVx0NNp/0TIDmKLmoc6GoMHE+xNwy5LgwmHxX8="}},"signature":{"type":"Buffer","data":"eh1mHv2kil/nu3N3Ei/4dlVgmr4PcSFEtmG0+J8QrrF91+UKUA3OqPLP79fUZXqz0NDvOBolRSiJXYit4qYhgw=="},"keyId":1},"registrationId":29,"advSecretKey":"NP6gOCWEZe1P6eiviAtekdccWtL5qyUQPRaF85jKaQE=","processedHistoryMessages":[{"key":{"remoteJid":"6283155936234@s.whatsapp.net","fromMe":true,"id":"555599A67C5AB849B2E4ABA7A22549C2"},"messageTimestamp":1691150310},{"key":{"remoteJid":"6283155936234@s.whatsapp.net","fromMe":true,"id":"1EC223D23394184D33B09FA91C3719D6"},"messageTimestamp":1691150310},{"key":{"remoteJid":"6283155936234@s.whatsapp.net","fromMe":true,"id":"FBC3860933588A47BAEE8058E10A9146"},"messageTimestamp":1691150329},{"key":{"remoteJid":"6283155936234@s.whatsapp.net","fromMe":true,"id":"5F9768914160C382CC07F02AF2B52379"},"messageTimestamp":1691150329}],"nextPreKeyId":31,"firstUnuploadedPreKeyId":31,"accountSyncCounter":1,"accountSettings":{"unarchiveChats":false},"deviceId":"nNP2b49ART6Elf3YCJUJUA","phoneId":"f479226a-230e-4e6c-a021-55fc57303230","identityId":{"type":"Buffer","data":"/c5FFedoMQv5DhyYxBdy+EpUXDo="},"registered":false,"backupToken":{"type":"Buffer","data":"i7GGT9he/idN1ru2n64yuvGya8k="},"registration":{},"account":{"details":"CPGtsJACEM3Ps6YGGAE=","accountSignatureKey":"V26SpGFenHydQicczqgMW6O/iALB57/+FWiQn/mEcBo=","accountSignature":"vdfyB/63NDXSQKPByiVZDeFKnnTsCjufW5oc2/EawJeDONkUDzQsTlX5LHX9SEHPV7XmXnnT9LQAeLPpVTfeAA==","deviceSignature":"O3kqbjTwjuZ3MsnXi8tueMk34WPXwP0CrAViuOHtbdqHnwMLcfDI8iaXWiWwdYMeSK2oY1qws9k/abjoqkwwig=="},"me":{"id":"6283155936234:29@s.whatsapp.net","name":"Akebi Komichi"},"signalIdentities":[{"identifier":{"name":"6283155936234:29@s.whatsapp.net","deviceId":0},"identifierKey":{"type":"Buffer","data":"BVdukqRhXpx8nUInHM6oDFujv4gCwee//hVokJ/5hHAa"}}],"platform":"smba","lastAccountSyncTimestamp":1691150290,"myAppStateKeyId":"AAAAAKo7"}