{"_sessions":{"BX7R4pGL8uFAkjiiMX/FV1FIrsBLlsWgOHO/Pgq7zhwK":{"registrationId":852281218,"currentRatchet":{"ephemeralKeyPair":{"pubKey":"BVE2wc7Xt2kLaHdJmLXkCjnXUXxVKET5qkI9Ud71m48n","privKey":"ILNngiLVnymYpAn/je9W06uRmhy/ZzZUYkRQ+unhe1M="},"lastRemoteEphemeralKey":"BSavTe3iXuUtbOnvVkC6ZEm43sW10w4xAmef7DECBotl","previousCounter":0,"rootKey":"KZ4GKXmYsHF+WVkgwvuJA9f2wTE1FjKRclP4U8cdswI="},"indexInfo":{"baseKey":"BX7R4pGL8uFAkjiiMX/FV1FIrsBLlsWgOHO/Pgq7zhwK","baseKeyType":2,"closed":-1,"used":1691150294614,"created":1691150294614,"remoteIdentityKey":"BVdukqRhXpx8nUInHM6oDFujv4gCwee//hVokJ/5hHAa"},"_chains":{"BSavTe3iXuUtbOnvVkC6ZEm43sW10w4xAmef7DECBotl":{"chainKey":{"counter":7,"key":"fsWekLJN8/UT0jTrDsMkksYn6h8znDFYhgjeHpDhqvw="},"chainType":2,"messageKeys":{}},"BVE2wc7Xt2kLaHdJmLXkCjnXUXxVKET5qkI9Ud71m48n":{"chainKey":{"counter":-1,"key":"st+mdnDDX6MqVCVj8TKtP8SyyzX3aA1+m+4Sd8rirrs="},"chainType":1,"messageKeys":{}}}}},"version":"v1"}